{"chunk_definitions":[{"row":9,"row_count":1,"visible":true,"expansion_state":0,"options":{"engine":"r","label":"setup","include":false},"document_id":"5945C124","chunk_id":"csetup_chunk","chunk_label":"setup"},{"row":45,"row_count":1,"visible":true,"expansion_state":0,"options":{"engine":"r","label":"convert"},"document_id":"5945C124","chunk_id":"c9xel8qklwjym","chunk_label":"convert"}],"doc_write_time":1684328266,"working_dir":null,"default_chunk_options":{"echo":true},"chunk_rendered_width":659}